{"MSE_Loss": 3.4444773197174072, "_runtime": 15, "_timestamp": 1631605911, "_step": 1, "L1_Loss": 1.4618802070617676, "_wandb": {"runtime": 16}}