{"MSE_Loss": 0.12345553934574127, "_runtime": 167, "_timestamp": 1631545314, "_step": 1, "L1_Loss": 0.22873064875602722, "_wandb": {"runtime": 5676}}