{"MSE_Loss": 0.077021025121212, "_runtime": 96, "_timestamp": 1631635162, "_step": 19, "L1_Loss": 0.1891712099313736, "_wandb": {"runtime": 96}}