{"MSE_Loss": 0.052749309688806534, "_runtime": 95, "_timestamp": 1631637840, "_step": 19, "L1_Loss": 0.1685153990983963, "_wandb": {"runtime": 94}}