{"MSE_Loss": 1.653167963027954, "_runtime": 89, "_timestamp": 1631721532, "_step": 19, "L1_Loss": 0.9998835325241089, "_wandb": {"runtime": 88}}