{"MSE_Loss": 3.0433998107910156, "_runtime": 93, "_timestamp": 1631606062, "_step": 19, "L1_Loss": 1.2784454822540283, "_wandb": {"runtime": 93}}