{"MSE_Loss": 84290.2734375, "_runtime": 95, "_timestamp": 1631541323, "_step": 19, "L1_Loss": 188.34640502929688, "_wandb": {"runtime": 95}}