{"MSE_Loss": 0.012869421392679214, "_runtime": 40, "_timestamp": 1631538676, "_step": 7, "L1_Loss": 0.08357608318328857, "_wandb": {"runtime": 43}}